Key,Light,Dark
color-ui-blue-10,#E8F4FF,#E8F4FF
color-ui-blue-20,#DBEDFF,#DBEDFF
color-ui-blue-30,#B4D0FF,#B4D0FF
color-ui-blue-40,#7EA8FF,#7EA8FF
color-ui-blue-50,#4580FF,#4580FF
color-ui-blue-60,#3366FF,#3366FF
color-ui-blue-70,#2A35FF,#2A35FF
color-ui-blue-80,#1b0DD8,#1b0DD8
color-ui-blue-90,#0E048F,#0E048F
color-ui-blue-100,#080261,#080261
,,
,,
color-accent-10,#BDDAFA,#BDDAFA
color-accent-20,#8EC2FA,#8EC2FA
color-accent-30,#64AAF5,#64AAF5
color-accent-40,#C070FD,#C070FD
color-accent-50,#3D93EF,#3D93EF
color-accent-60,#327CCA,#327CCA
color-accent-70,#2865A6,#2865A6
color-accent-80,#1D4F84,#1D4F84
color-accent-90,#133A64,#133A64
color-accent-100,#0A2745,#0A2745
,,
color-action-10 ,#FAF2FE,#FAF2FE
color-action-20 ,#EAC8FF,#EAC8FF
color-action-30 ,#D79CFE,#D79CFE
color-action-40 ,#C070FD,#C070FD
color-action-50 ,#A63DFB,#A63DFB
color-action-60 ,#8C2FD6,#8C2FD6
color-action-70 ,#7222B2,#7222B2
color-action-80 ,#59158F,#59158F
color-action-90 ,#41086D,#41086D
color-action-100,#2A004E,#2A004E
,,
color-grey-0 ,#FFFFFF,#FFFFFF
color-grey-10,#EBEBEB,#F4F4F4
color-grey-20,#DBDBDB,#DBDBDB
color-grey-30,#BABABA,#BABABA
color-grey-40,#9F9F9F,#9F9F9F
color-grey-50,#848484,#848484
color-grey-60,#686868,#686868
color-grey-70,#525252,#525252
color-grey-80,#3D3D3D,#3D3D3D
color-grey-90,#1F1F1F,#1F1F1F
color-grey-90-50,#7F1F1F1F,#7F1F1F1F
color-grey-100,#0F0F0F,#0F0F0F
color-grey-100-30,#4D0F0F0F,#4D0F0F0F
,,
abb-alarm-yellow ,#FFD800,#FFD800
abb-alarm-orange ,#FF7300,#FF7300
abb-alarm-red    ,#F03040,#F03040
abb-alarm-magenta,#CB2BD5,#CB2BD5
abb-alarm-cyan   ,#14F0F0,#14F0F0
abb-alarm-green,#0CA919,#0CA919
abb-alarm-blue   ,#0052FF,#0052FF
,,
color-state-ok     ,#329A5D,#329A5D
color-state-warning,#FF7300,#FF7300
color-state-error  ,#F03040,#F03040
color-state-unknown,#848484,#848484
color-state-notice ,#FFD800,#FFD800
,,
color-action,#A63DFB,#8C2FD6
color-accent-lighter,#8EC2FA,#143150
color-accent,#3D93EF,#327CCA
color-accent-darker,#2865A6,#1d4a79
color-content-background,#FFFFFF,#262626
color-app-background,#F4F4F4,#101010
background-1,#FFFFFF,#101010
background-2,#F4F4F4,#262626
background-3,#DBDBDB,#3D3D3D
abb-bar-background,#262626,#262626
abb-bar-cursor,#FF000F,#FF000F
primary-text,#262626,#DBDBDB
secondary-text,#686868,#848484
text-on-color,#FFFFFF,#FFFFFF
input-border,#BABABA,#525252
dialog-bar,#262626,#262626
key-focus,#262626,#F4F4F4
key-focus-on-color,#FFFFFF,#FFFFFF
control-background,#DBDBDB,#3D3D3D
control-border,#9F9F9F,#686868
control-hover-background,#BABABA,#525252
control-hover-border,#848484,#848484
control-disabled-background,#F4F4F4,#262626
control-disabled-border,#BABABA,#525252
control-pressed-background,#A7A7A7,#5B5B5B
control-pressed-border,#7A7A7A,#878787
,,
Button.Background,&color-grey-20,#3D3D3D
Button.Border,&color-grey-40,#686868
Button.MouseOver.Background,&color-grey-30,#525252
Button.MouseOver.Border,&color-grey-50,#848484
Button.Pressed.Background,&color-grey-40,#5B5B5B
Button.Pressed.Border,&color-grey-60,#878787
Button.Disabled.Background,&color-grey-10,#262626
Button.Disabled.Border,&color-grey-30,#525252
Button.Disabled.Foreground,&color-grey-90-50,#8B8B8B
,,
Button.Discreet.Background,Transparent,Transparent
Button.Discreet.Border,Transparent,Transparent
Button.Discreet.Foreground,&color-ui-blue-60,#0F50FE
Button.Discreet.MouseOver.Background,Transparent,#343434
Button.Discreet.MouseOver.Border,&color-ui-blue-60,#4E4E4E
Button.Discreet.Pressed.Background,&color-ui-blue-10,#525252
Button.Discreet.Pressed.Border,&color-ui-blue-60,#848484
Button.Discreet.Disabled.Background,&color-grey-10,#262626
Button.Discreet.Disabled.Border,&color-grey-30,#525252
Button.Discreet.Disabled.Foreground,&color-grey-90-50,#8C8C8C
,,
Button.Discreet.Black.Background,Transparent,Transparent
Button.Discreet.Black.Border,Transparent,Transparent
Button.Discreet.Black.Foreground,&color-grey-90,#0F50FE
Button.Discreet.Black.MouseOver.Background,Transparent,#343434
Button.Discreet.Black.MouseOver.Border,&color-grey-100,#4E4E4E
Button.Discreet.Black.Pressed.Background,&color-grey-10,#525252
Button.Discreet.Black.Pressed.Border,&color-grey-100,#848484
Button.Discreet.Black.Disabled.Background,&color-grey-10,#262626
Button.Discreet.Black.Disabled.Border,&color-grey-30,#525252
Button.Discreet.Black.Disabled.Foreground,&color-grey-90-50,#8C8C8C
,,
Button.Primary.Color.Background,&color-grey-100,#0F50FF
Button.Primary.Color.Border,&color-grey-100,#0F50FF
Button.Primary.Color.Foreground,&color-grey-0,#FFFFFF
Button.Primary.Color.MouseOver.Background,&color-grey-100,#0F6CFF
Button.Primary.Color.MouseOver.Border,&color-grey-100,#0F6CFF
Button.Primary.Color.Pressed.Background,&color-grey-100,#0F80FF
Button.Primary.Color.Pressed.Border,&color-grey-100,#0F80FF
Button.Primary.Color.Disabled.Background,&color-grey-10,#0F00FF
Button.Primary.Color.Disabled.Border,&color-grey-30,#0F00FF
Button.Primary.Color.Disabled.Foreground,&color-grey-90-50,#7A7A7A
,,
Button.Primary.Background,&color-ui-blue-60,#FFFFFF
Button.Primary.Border,&color-ui-blue-60,#FFFFFF
Button.Primary.Foreground,&color-grey-0,#101010
Button.Primary.MouseOver.Background,&color-ui-blue-70,#F4F4F4
Button.Primary.MouseOver.Border,&color-ui-blue-70,#F4F4F4
Button.Primary.Pressed.Background,&color-ui-blue-80,#DBDBDB
Button.Primary.Pressed.Border,&color-ui-blue-80,#DBDBDB
Button.Primary.Disabled.Background,&color-grey-10,#848484
Button.Primary.Disabled.Border,&color-grey-30,#848484
Button.Primary.Disabled.Foreground,&color-grey-90-50,#3D3D3D
,,
ToggleButton.Background,#D8D8D8,#D8D8D8
ToggleButton.Border,#A7A7A7,#A7A7A7
ToggleButton.Foreground,#464646,#464646
ToggleButton.MouseOver.Background,#BFBFBF,#BFBFBF
ToggleButton.MouseOver.Border,#909090,#909090
ToggleButton.MouseOver.Foreground,#464646,#464646
ToggleButton.Selected.Background,#327CCA,#327CCA
ToggleButton.Selected.Border,#327CCA,#327CCA
ToggleButton.Selected.Foreground,#FFFFFF,#FFFFFF
ToggleButton.Disabled.Background,#F2F2F2,#F2F2F2
ToggleButton.Disabled.Border,#BFBFBF,#BFBFBF
ToggleButton.Disabled.Foreground,#7A7A7A,#7A7A7A
,,
ToggleSwitch.Background,&color-grey-30,#525252
ToggleSwitch.Border,&color-grey-30,#525252
ToggleSwitch.Switch.Background,&color-grey-0,#FFFFFF
ToggleSwitch.Switch.Border,&color-grey-30,#FFFFFF
ToggleSwitch.Switch.Foreground,&color-grey-90,#262626
ToggleSwitch.MouseOver.Background,&color-grey-40,#686868
ToggleSwitch.MouseOver.Border,&color-grey-40,#686868
ToggleSwitch.MouseOver.Switch.Background,&color-grey-0,#FFFFFF
ToggleSwitch.MouseOver.Switch.Border,&color-grey-40,#FFFFFF
ToggleSwitch.MouseOver.Switch.Foreground,&color-grey-90,#262626
ToggleSwitch.Pressed.Background,&color-grey-50,#848484
ToggleSwitch.Pressed.Border,&color-grey-50,#848484
ToggleSwitch.Pressed.Switch.Background,&color-grey-0,#FFFFFF
ToggleSwitch.Pressed.Switch.Border,&color-grey-50,#FFFFFF
ToggleSwitch.Pressed.Switch.Foreground,&color-grey-90,#262626
ToggleSwitch.Disabled.Background,&color-grey-20,#101010
ToggleSwitch.Disabled.Border,&color-grey-20,#101010
ToggleSwitch.Disabled.Switch.Background,&color-grey-0,#FFFFFF
ToggleSwitch.Disabled.Switch.Border,&color-grey-20,#FFFFFF
ToggleSwitch.Disabled.Switch.Foreground,&color-grey-90-50,#939393
ToggleSwitch.Selected.Background,&color-ui-blue-60,#0F50FF
ToggleSwitch.Selected.Border,&color-ui-blue-60,#0F50FF
ToggleSwitch.Selected.Switch.Background,&color-grey-0,#FFFFFF
ToggleSwitch.Selected.Switch.Border,&color-ui-blue-60,#FFFFFF
ToggleSwitch.Selected.Switch.Foreground,&color-ui-blue-60,#0F50FF
ToggleSwitch.Selected.MouseOver.Background,&color-ui-blue-70,#0F6CFF
ToggleSwitch.Selected.MouseOver.Border,&color-ui-blue-70,#0F6CFF
ToggleSwitch.Selected.MouseOver.Switch.Background,&color-grey-0,#FFFFFF
ToggleSwitch.Selected.MouseOver.Switch.Border,&color-ui-blue-70,#FFFFFF
ToggleSwitch.Selected.MouseOver.Switch.Foreground,&color-ui-blue-70,#0F6CFF
ToggleSwitch.Selected.Pressed.Background,&color-ui-blue-80,#0F80FF
ToggleSwitch.Selected.Pressed.Border,&color-ui-blue-80,#0F80FF
ToggleSwitch.Selected.Pressed.Switch.Background,&color-grey-0,#FFFFFF
ToggleSwitch.Selected.Pressed.Switch.Border,&color-ui-blue-80,#FFFFFF
ToggleSwitch.Selected.Pressed.Switch.Foreground,&color-ui-blue-80,#170F87
,,
CheckRadio.Background,Transparent,Transparent
CheckRadio.Border,&color-grey-30,#A7A7A7
CheckRadio.MouseOver.Background,&color-grey-10,#F2F2F2
CheckRadio.MouseOver.Border,&color-grey-40,#909090
CheckRadio.Pressed.Background,&color-grey-30,#D8D8D8
CheckRadio.Pressed.Border,&color-grey-50,#7A7A7A
CheckRadio.Disabled.Background,&color-grey-10,#F2F2F2
CheckRadio.Disabled.Border,&color-grey-20,#BFBFBF
CheckRadio.Checked.Background,&color-ui-blue-60,#327CCA
CheckRadio.Checked.Border,&color-ui-blue-60,#327CCA
CheckRadio.Checked.Foreground,&color-grey-0,#FFFFFF
CheckRadio.Checked.MouseOver.Background,&color-ui-blue-70,#2865A6
CheckRadio.Checked.MouseOver.Border,&color-ui-blue-70,#2865A6
CheckRadio.Checked.MouseOver.Foreground,&color-grey-0,#FFFFFF
CheckRadio.Checked.Pressed.Background,&color-ui-blue-80,#2865A6
CheckRadio.Checked.Pressed.Border,&color-ui-blue-80,#2865A6
CheckRadio.Checked.Pressed.Foreground,&color-grey-0,#FFFFFF
CheckRadio.Checked.Disabled.Background,&color-grey-10,#F2F2F2
CheckRadio.Checked.Disabled.Border,&color-grey-20,#BFBFBF
CheckRadio.Checked.Disabled.Foreground,&color-grey-90-50,#A0A0A0
,,
Tab.Selected.Background,&color-grey-0,#FFFFFF
Tab.Selected.Foreground,&color-grey-90,#464646
Tab.Selected.Highlight,&color-ui-blue-60,#3D93EF
Tab.Selected.Hover.Highlight,&color-ui-blue-50,&color-ui-blue-50
Tab.Background,&color-grey-20,#D8D8D8
Tab.Foreground,&color-grey-90,#464646
Tab.Highlight,Transparent,Transparent
Tab.Hover.Background,&color-grey-30,&color-grey-30
Tab.Pressed.Background,&color-grey-40,&color-grey-40
Tab.Disabled.Background,&color-grey-10,#BCBCBC
Tab.Disabled.Foreground,&color-grey-90-50,#353535
Tab.Panel.Border,&color-grey-30,&color-grey-30
Tab.Panel.Highlight,&color-grey-90,&color-grey-90
Tab.Panel.Hover.Highlight,&color-grey-40,&color-grey-40
,,
,,
,,
,,
Notification.Border,&color-grey-0,&color-grey-0
Notification.Background,&color-grey-0,&color-grey-0
Notification.Foreground,&color-grey-90,&color-grey-90
Notification.Info.Foreground,&color-grey-0,&color-grey-0
Notification.Info.Accent,&color-ui-blue-60,&color-ui-blue-60
Notification.Warning.Foreground,&color-grey-0,&color-grey-0
Notification.Warning.Accent,&abb-alarm-orange,&abb-alarm-orange
Notification.Error.Foreground,&color-grey-0,&color-grey-0
Notification.Error.Accent,&abb-alarm-red,&abb-alarm-red
Notification.Confirm.Foreground,&color-grey-0,&color-grey-0
Notification.Confirm.Accent,&abb-alarm-green,&abb-alarm-green
,,
,,
List.Border,#C8C8C8,#C8C8C8
List.Selected.Border,#267BF8,#525252
List.Selected.Background,#E6F1FD,#525252
List.Hover.Border,#484848,#3D3D3D
List.Hover.Background,#FFFFFF,#3D3D3D
,,
DataGrid.Border,#BABABA,#BABABA
DataGrid.Selected.Border,#267BF8,#525252
DataGrid.Selected.Background,#E6F1FD,#525252
DataGrid.Active.Border,#2319BD,#2319BD
DataGrid.Active.Background,#FFFFFF,#262626
DataGrid.Hover.Border,#9F9F9F,#686868
DataGrid.Hover.Background,#F4F4F4,#3D3D3D
,,
Toggle.Background,&color-grey-20,#3D3D3D
Toggle.Border,&color-grey-40,#686868
Toggle.Foreground,&color-grey-90,
Toggle.Checked.Background,&color-grey-40,#BABABA
Toggle.Checked.Border,&color-grey-60,#BABABA
Toggle.Checked.Indication,&color-ui-blue-60,
Toggle.Hover.Background,&color-grey-30,#525252
Toggle.Hover.Border,&color-grey-50,#848484
Toggle.Pressed.Background,&color-grey-40,
Toggle.Pressed.Border,&color-grey-60,
Toggle.Disabled.Background,&color-grey-10,#262626
Toggle.Disabled.Border,&color-grey-30,#525252
Toggle.Disabled.Foreground,&color-grey-90-50,
,,
Tree.Item.Background,&color-grey-10,&color-grey-10
Tree.Item.Hover.Background,&color-grey-20,&color-grey-20
Tree.Item.Pressed.Background,&color-grey-30,&color-grey-30
Tree.Item.Selected.Background,&color-grey-20,&color-grey-20
Tree.Item.Selected.Foreground,&color-grey-90,&color-grey-90
,,
Input.Normal.Placeholder,&color-grey-30,&color-grey-30
Input.Normal.Label,&color-grey-60,&color-grey-60
Input.Normal.Background,&color-grey-0,&color-grey-0
Input.Normal.Border,&color-grey-30,&color-grey-30
Input.Normal.Foreground,&color-grey-90,&color-grey-90
Input.Normal.Indicator,&color-ui-blue-60,&color-ui-blue-60
Input.Normal.Validation.Ok,&color-state-ok     ,&color-state-ok     
Input.Normal.Validation.Fail,&color-state-error  ,&color-state-error  
Input.Normal.Hover.Background,&color-grey-10,&color-grey-10
Input.Normal.Hover.Border,&color-grey-40,&color-grey-40
Input.Normal.Pressed.Background,&color-grey-20,&color-grey-20
Input.Normal.Pressed.Border,&color-grey-50,&color-grey-50
Input.Normal.Disabled.Background,&color-grey-10,&color-grey-10
Input.Normal.Disabled.Border,&color-grey-30,&color-grey-30
Input.Normal.Disabled.Foreground,&color-grey-90-50,&color-grey-90-50
Input.Normal.Readonly.Background,Transparent,Transparent
Input.Normal.Readonly.Border,Transparent,Transparent
,,
ComboBox.Label,&color-grey-60,&color-grey-60
ComboBox.Placeholder,&color-grey-30,&color-grey-30
ComboBox.Background,&color-grey-0,&color-grey-0
ComboBox.Border,&color-grey-30,&color-grey-30
ComboBox.Foreground,&color-grey-90,&color-grey-90
ComboBox.Indicator,&color-ui-blue-60,&color-ui-blue-60
ComboBox.Shadow,&color-grey-100-30,&color-grey-100-30
ComboBox.Tick,&color-grey-60,&color-grey-60
ComboBox.GroupHeader,&color-grey-30,&color-grey-30
ComboBox.Hover.Background,&color-grey-10,&color-grey-10
ComboBox.Hover.Border,&color-grey-30,&color-grey-30
ComboBox.Pressed.Background,&color-grey-20,&color-grey-20
ComboBox.Pressed.Border,&color-grey-50,&color-grey-50
ComboBox.Disabled.Background,&color-grey-10,&color-grey-10
ComboBox.Disabled.Border,&color-grey-30,&color-grey-30
ComboBox.Disabled.Foreground,&color-grey-90-50,&color-grey-90-50
ComboBox.Readonly.Background,Transparent,Transparent
ComboBox.Readonly.Border,Transparent,Transparent
ComboBox.Item.Background,Transparent,Transparent
ComboBox.Item.Hover.Background,&color-grey-10,&color-grey-10
ComboBox.Item.Disabled.Foreground,&color-grey-90-50,&color-grey-90-50
,,
Tags.Background,&color-grey-0,&color-grey-0
Tags.Border,&color-grey-30,&color-grey-30
Tags.Tag.Background,&color-grey-20,&color-grey-20
Tags.Tag.Border,&color-grey-20,&color-grey-20
Tags.Tag.Foreground,&color-grey-90,&color-grey-90
Tags.Tag.Hover.Background,&color-grey-30,&color-grey-30
Tags.Tag.Hover.Border,&color-grey-30,&color-grey-30
,,
Slider.Label,&color-grey-60,&color-grey-60
Slider.Value.Background,&color-grey-0,&color-grey-0
Slider.Value.Foreground,&color-grey-90,&color-grey-90
Slider.Value.Border,&color-grey-30,&color-grey-30
Slider.Track,&color-grey-20,&color-grey-20
Slider.Track.Selected,&color-ui-blue-60,&color-ui-blue-60
Slider.Track.Disabled,&color-grey-40,&color-grey-40
Slider.Ellipse,&color-ui-blue-60,&color-ui-blue-60
Slider.Ellipse.Fill,&color-grey-0,&color-grey-0
Slider.Ellipse.Disabled,&color-grey-40,&color-grey-40
,,
Navi.Background,&color-grey-0,&color-grey-0
Navi.Foreground,&color-grey-90,&color-grey-90
Navi.Selected.Indicator,&color-ui-blue-60,&color-ui-blue-60
Navi.Hover.Background,&color-grey-10,&color-grey-10
Navi.Disabled.Foreground,&color-grey-90-50,&color-grey-90-50
